{
	"folders": {},
	"connections": {
		"mysql8-184c9665015-1acbef4704e8644f": {
			"provider": "mysql",
			"driver": "mysql8",
			"name": "mosestravel.cljarowffwyg.us-east-2.rds.amazonaws.c",
			"save-password": true,
			"show-system-objects": true,
			"configuration": {
				"host": "mosestravel.cljarowffwyg.us-east-2.rds.amazonaws.com",
				"port": "3306",
				"url": "jdbc:mysql://mosestravel.cljarowffwyg.us-east-2.rds.amazonaws.com:3306/",
				"home": "mysql_client",
				"type": "dev",
				"auth-model": "native"
			}
		}
	},
	"connection-types": {
		"dev": {
			"name": "Development",
			"color": "255,255,255",
			"description": "Regular development database",
			"auto-commit": true,
			"confirm-execute": false,
			"confirm-data-change": false,
			"auto-close-transactions": false
		}
	}
}